[{"model": "contenttypes.contenttype", "pk": 132, "fields": {"app_label": "admin", "model": "logentry"}}, {"model": "contenttypes.contenttype", "pk": 133, "fields": {"app_label": "auth", "model": "permission"}}, {"model": "contenttypes.contenttype", "pk": 134, "fields": {"app_label": "auth", "model": "group"}}, {"model": "contenttypes.contenttype", "pk": 135, "fields": {"app_label": "contenttypes", "model": "contenttype"}}, {"model": "contenttypes.contenttype", "pk": 136, "fields": {"app_label": "sessions", "model": "session"}}, {"model": "contenttypes.contenttype", "pk": 137, "fields": {"app_label": "bigleague", "model": "user"}}, {"model": "contenttypes.contenttype", "pk": 138, "fields": {"app_label": "bigleague", "model": "franchise"}}, {"model": "contenttypes.contenttype", "pk": 139, "fields": {"app_label": "bigleague", "model": "league"}}, {"model": "contenttypes.contenttype", "pk": 140, "fields": {"app_label": "bigleague", "model": "city"}}, {"model": "contenttypes.contenttype", "pk": 141, "fields": {"app_label": "bigleague", "model": "stadium"}}, {"model": "contenttypes.contenttype", "pk": 142, "fields": {"app_label": "bigleague", "model": "gm"}}, {"model": "contenttypes.contenttype", "pk": 143, "fields": {"app_label": "bigleague", "model": "coach"}}, {"model": "contenttypes.contenttype", "pk": 144, "fields": {"app_label": "bigleague", "model": "player"}}, {"model": "contenttypes.contenttype", "pk": 145, "fields": {"app_label": "bigleague", "model": "action"}}, {"model": "contenttypes.contenttype", "pk": 146, "fields": {"app_label": "bigleague", "model": "season"}}, {"model": "contenttypes.contenttype", "pk": 147, "fields": {"app_label": "bigleague", "model": "roster"}}, {"model": "bigleague.user", "pk": 15, "fields": {"password": "password", "email": "email@email.com", "username": "username", "date_joined": "2021-04-28T02:52:47.259Z", "last_login": "2021-04-28T02:52:47.259Z", "is_admin": true, "is_active": true, "is_staff": true, "is_superuser": true}}, {"model": "bigleague.franchise", "pk": 72, "fields": {"franchise": "franchise", "user": "username", "league": 7, "gm": 39, "coach": 108}}, {"model": "bigleague.franchise", "pk": 73, "fields": {"franchise": "Elite", "user": null, "league": 7, "gm": 39, "coach": 112}}, {"model": "bigleague.franchise", "pk": 74, "fields": {"franchise": "United", "user": null, "league": 7, "gm": 40, "coach": 115}}, {"model": "bigleague.franchise", "pk": 75, "fields": {"franchise": "Dream Team", "user": null, "league": 7, "gm": 41, "coach": 118}}, {"model": "bigleague.franchise", "pk": 76, "fields": {"franchise": "Wild", "user": null, "league": 7, "gm": 42, "coach": 123}}, {"model": "bigleague.franchise", "pk": 77, "fields": {"franchise": "Legends", "user": null, "league": 7, "gm": 39, "coach": 116}}, {"model": "bigleague.franchise", "pk": 78, "fields": {"franchise": "Voodoo", "user": null, "league": 7, "gm": 40, "coach": 110}}, {"model": "bigleague.franchise", "pk": 79, "fields": {"franchise": "Big Blues", "user": null, "league": 7, "gm": 43, "coach": 117}}, {"model": "bigleague.league", "pk": 7, "fields": {"league_name": "bigleague", "user": null}}, {"model": "bigleague.city", "pk": 57, "fields": {"city": "San Antonio", "city_value": 10, "league": 7}}, {"model": "bigleague.city", "pk": 58, "fields": {"city": "Chicago", "city_value": 5, "league": 7}}, {"model": "bigleague.city", "pk": 59, "fields": {"city": "Los Angeles", "city_value": 5, "league": 7}}, {"model": "bigleague.city", "pk": 60, "fields": {"city": "Atalanta", "city_value": 5, "league": 7}}, {"model": "bigleague.city", "pk": 61, "fields": {"city": "San Diego", "city_value": 5, "league": 7}}, {"model": "bigleague.city", "pk": 62, "fields": {"city": "Las Vegas", "city_value": 5, "league": 7}}, {"model": "bigleague.city", "pk": 63, "fields": {"city": "Seattle", "city_value": 7, "league": 7}}, {"model": "bigleague.city", "pk": 64, "fields": {"city": "Philadelphia", "city_value": 6, "league": 7}}, {"model": "bigleague.city", "pk": 65, "fields": {"city": "New York", "city_value": 7, "league": 7}}, {"model": "bigleague.city", "pk": 66, "fields": {"city": "Houston", "city_value": 9, "league": 7}}, {"model": "bigleague.stadium", "pk": 9, "fields": {"stadium_name": "stadium name", "seats": 0, "boxes": 0, "grade": 20, "max_grade": 20, "home_field_advantage": 0, "city": 57, "franchise": 72}}, {"model": "bigleague.gm", "pk": 39, "fields": {"trait": "facilitator", "league": 7}}, {"model": "bigleague.gm", "pk": 40, "fields": {"trait": "promoter", "league": 7}}, {"model": "bigleague.gm", "pk": 41, "fields": {"trait": "recruiter", "league": 7}}, {"model": "bigleague.gm", "pk": 42, "fields": {"trait": "scouter", "league": 7}}, {"model": "bigleague.gm", "pk": 43, "fields": {"trait": "suitor", "league": 7}}, {"model": "bigleague.gm", "pk": 44, "fields": {"trait": "trainer", "league": 7}}, {"model": "bigleague.coach", "pk": 108, "fields": {"name": "Tonya Torres", "attribute_one": "guts", "attribute_two": "substitution", "league": 7}}, {"model": "bigleague.coach", "pk": 109, "fields": {"name": "Jason Howard", "attribute_one": "underdog", "attribute_two": "guts", "league": 7}}, {"model": "bigleague.coach", "pk": 110, "fields": {"name": "Alicia Howard", "attribute_one": "substitution", "attribute_two": "fame", "league": 7}}, {"model": "bigleague.coach", "pk": 111, "fields": {"name": "Carl Davenport", "attribute_one": "clutch", "attribute_two": "underdog", "league": 7}}, {"model": "bigleague.coach", "pk": 112, "fields": {"name": "Jennifer Patton", "attribute_one": "guts", "attribute_two": "underdog", "league": 7}}, {"model": "bigleague.coach", "pk": 113, "fields": {"name": "Leah Myers", "attribute_one": "wildcard", "attribute_two": "substitution", "league": 7}}, {"model": "bigleague.coach", "pk": 114, "fields": {"name": "Frank Avila", "attribute_one": "fame", "attribute_two": "clutch", "league": 7}}, {"model": "bigleague.coach", "pk": 115, "fields": {"name": "Rebecca Mckee", "attribute_one": "teamwork", "attribute_two": "underdog", "league": 7}}, {"model": "bigleague.coach", "pk": 116, "fields": {"name": "Ruth Dominguez", "attribute_one": "substitution", "attribute_two": "guts", "league": 7}}, {"model": "bigleague.coach", "pk": 117, "fields": {"name": "Ashley Pruitt", "attribute_one": "focus", "attribute_two": "focus", "league": 7}}, {"model": "bigleague.coach", "pk": 118, "fields": {"name": "Molly Chapman", "attribute_one": "teamwork", "attribute_two": "clutch", "league": 7}}, {"model": "bigleague.coach", "pk": 119, "fields": {"name": "Julie Meyer", "attribute_one": "teamwork", "attribute_two": "wildcard", "league": 7}}, {"model": "bigleague.coach", "pk": 120, "fields": {"name": "Anthony Grant", "attribute_one": "fame", "attribute_two": "clutch", "league": 7}}, {"model": "bigleague.coach", "pk": 121, "fields": {"name": "Carolyn Sheppard", "attribute_one": "focus", "attribute_two": "wildcard", "league": 7}}, {"model": "bigleague.coach", "pk": 122, "fields": {"name": "Daisy Hansen", "attribute_one": "clutch", "attribute_two": "focus", "league": 7}}, {"model": "bigleague.coach", "pk": 123, "fields": {"name": "Kevin Ramirez", "attribute_one": "underdog", "attribute_two": "guts", "league": 7}}, {"model": "bigleague.player", "pk": 7, "fields": {"name": "Jay Sloan", "suit": "spade", "age": 29, "pv": 20.353688441911924, "epv": 20.978008487468013, "s_epv": 17.673943266226427, "contract": null, "t_option": null, "p_option": null, "renew": null, "salary": null, "grade": null, "trainer": false, "league": 7}}, {"model": "bigleague.player", "pk": 8, "fields": {"name": "David Howard", "suit": "diamond", "age": 25, "pv": 18.99397154279521, "epv": 18.062174767852913, "s_epv": 20.889760855744388, "contract": null, "t_option": null, "p_option": null, "renew": null, "salary": null, "grade": null, "trainer": false, "league": 7}}, {"model": "bigleague.player", "pk": 9, "fields": {"name": "Molly Shaw", "suit": "spade", "age": 18, "pv": 13.361352065472389, "epv": 11.222944706659002, "s_epv": 12.919987967850316, "contract": null, "t_option": null, "p_option": null, "renew": null, "salary": null, "grade": null, "trainer": false, "league": 7}}, {"model": "bigleague.player", "pk": 10, "fields": {"name": "Keith Preston", "suit": "spade", "age": 18, "pv": 20.559563709698264, "epv": 19.383800086746163, "s_epv": 20.208686483405003, "contract": null, "t_option": null, "p_option": null, "renew": null, "salary": null, "grade": null, "trainer": false, "league": 7}}, {"model": "bigleague.player", "pk": 11, "fields": {"name": "Mrs. Destiny Martin DVM", "suit": "spade", "age": 30, "pv": 19.3813774645901, "epv": 20.678255764012427, "s_epv": 18.08260395450434, "contract": null, "t_option": null, "p_option": null, "renew": null, "salary": null, "grade": null, "trainer": false, "league": 7}}, {"model": "bigleague.player", "pk": 12, "fields": {"name": "Eric Castaneda", "suit": "spade", "age": 28, "pv": 18.524572336198087, "epv": 20.74047202495031, "s_epv": 18.35781803400535, "contract": null, "t_option": null, "p_option": null, "renew": null, "salary": null, "grade": null, "trainer": false, "league": 7}}, {"model": "bigleague.player", "pk": 13, "fields": {"name": "Michael Allen", "suit": "diamond", "age": 21, "pv": 16.07004351557245, "epv": 7.944676009607768, "s_epv": 12.976732893026353, "contract": null, "t_option": null, "p_option": null, "renew": null, "salary": null, "grade": null, "trainer": false, "league": 7}}, {"model": "bigleague.player", "pk": 14, "fields": {"name": "Anne Grant", "suit": "club", "age": 23, "pv": 15.291539981974271, "epv": 17.39407275388728, "s_epv": 12.202272690490506, "contract": null, "t_option": null, "p_option": null, "renew": null, "salary": null, "grade": null, "trainer": false, "league": 7}}, {"model": "bigleague.player", "pk": 15, "fields": {"name": "Curtis Gonzalez", "suit": "heart", "age": 28, "pv": 12.925858379426677, "epv": 10.875597145928724, "s_epv": 11.640345017857229, "contract": null, "t_option": null, "p_option": null, "renew": null, "salary": null, "grade": null, "trainer": false, "league": 7}}, {"model": "bigleague.player", "pk": 16, "fields": {"name": "Christopher Harris", "suit": "heart", "age": 24, "pv": 14.584454911417298, "epv": 11.353382847254615, "s_epv": 15.868807810120323, "contract": null, "t_option": null, "p_option": null, "renew": null, "salary": null, "grade": null, "trainer": false, "league": 7}}, {"model": "bigleague.player", "pk": 17, "fields": {"name": "Kayla Fischer", "suit": "heart", "age": 20, "pv": 11.457921587654237, "epv": 13.89181392732493, "s_epv": 14.416094470845863, "contract": null, "t_option": null, "p_option": null, "renew": null, "salary": null, "grade": null, "trainer": false, "league": 7}}, {"model": "bigleague.player", "pk": 18, "fields": {"name": "Tracy Bates", "suit": "heart", "age": 27, "pv": 11.860238981035977, "epv": 4.07030886182649, "s_epv": 13.527061177547264, "contract": null, "t_option": null, "p_option": null, "renew": null, "salary": null, "grade": null, "trainer": false, "league": 7}}, {"model": "bigleague.player", "pk": 19, "fields": {"name": "Ashley Gonzalez", "suit": "club", "age": 29, "pv": 15.048278333653904, "epv": 10.41901347702266, "s_epv": 17.93106913662399, "contract": null, "t_option": null, "p_option": null, "renew": null, "salary": null, "grade": null, "trainer": false, "league": 7}}, {"model": "bigleague.player", "pk": 20, "fields": {"name": "Philip Serrano", "suit": "heart", "age": 30, "pv": 9.004961375622878, "epv": 11.042767886886374, "s_epv": 11.091489083646099, "contract": null, "t_option": null, "p_option": null, "renew": null, "salary": null, "grade": null, "trainer": false, "league": 7}}, {"model": "bigleague.player", "pk": 21, "fields": {"name": "Becky Cabrera", "suit": "spade", "age": 27, "pv": 20.380504303601935, "epv": 18.23769456161387, "s_epv": 18.66189027781173, "contract": null, "t_option": null, "p_option": null, "renew": null, "salary": null, "grade": null, "trainer": false, "league": 7}}, {"model": "bigleague.player", "pk": 22, "fields": {"name": "Christopher Ayala", "suit": "diamond", "age": 23, "pv": 15.907320890725694, "epv": 17.192243021653425, "s_epv": 15.458120619607206, "contract": null, "t_option": null, "p_option": null, "renew": null, "salary": null, "grade": null, "trainer": false, "league": 7}}, {"model": "bigleague.player", "pk": 23, "fields": {"name": "Denise Lewis", "suit": "spade", "age": 19, "pv": 16.410982034679748, "epv": 14.524053978413125, "s_epv": 18.233135859233034, "contract": null, "t_option": null, "p_option": null, "renew": null, "salary": null, "grade": null, "trainer": false, "league": 7}}, {"model": "bigleague.player", "pk": 24, "fields": {"name": "Amy Rodriguez", "suit": "club", "age": 21, "pv": 14.231087655879687, "epv": 15.712218266973663, "s_epv": 13.716707502497496, "contract": null, "t_option": null, "p_option": null, "renew": null, "salary": null, "grade": null, "trainer": false, "league": 7}}, {"model": "bigleague.player", "pk": 25, "fields": {"name": "Terry Goodman PhD", "suit": "diamond", "age": 19, "pv": 15.814751601911448, "epv": 21.758081516302266, "s_epv": 16.39141261415874, "contract": null, "t_option": null, "p_option": null, "renew": null, "salary": null, "grade": null, "trainer": false, "league": 7}}, {"model": "bigleague.player", "pk": 26, "fields": {"name": "Jennifer Hines", "suit": "diamond", "age": 27, "pv": 15.476265755641709, "epv": 15.882206162992452, "s_epv": 15.812222345026113, "contract": null, "t_option": null, "p_option": null, "renew": null, "salary": null, "grade": null, "trainer": false, "league": 7}}, {"model": "bigleague.player", "pk": 27, "fields": {"name": "Kevin Gardner", "suit": "diamond", "age": 23, "pv": 17.01902376917096, "epv": 18.72424078344016, "s_epv": 13.633694415381848, "contract": null, "t_option": null, "p_option": null, "renew": null, "salary": null, "grade": null, "trainer": false, "league": 7}}, {"model": "bigleague.player", "pk": 28, "fields": {"name": "Maria Salas", "suit": "diamond", "age": 25, "pv": 19.488163070482656, "epv": 17.77076013067217, "s_epv": 22.83750631719247, "contract": null, "t_option": null, "p_option": null, "renew": null, "salary": null, "grade": null, "trainer": false, "league": 7}}, {"model": "bigleague.player", "pk": 29, "fields": {"name": "Wanda Duffy", "suit": "club", "age": 19, "pv": 12.582480839800233, "epv": 13.48097879933479, "s_epv": 11.984893816189969, "contract": null, "t_option": null, "p_option": null, "renew": null, "salary": null, "grade": null, "trainer": false, "league": 7}}, {"model": "bigleague.player", "pk": 30, "fields": {"name": "Stephanie Ortega", "suit": "club", "age": 27, "pv": 15.99034486000839, "epv": 11.269229575515618, "s_epv": 14.439599541439996, "contract": null, "t_option": null, "p_option": null, "renew": null, "salary": null, "grade": null, "trainer": false, "league": 7}}, {"model": "bigleague.player", "pk": 31, "fields": {"name": "Jason Mccarty", "suit": "club", "age": 21, "pv": 13.057322148989561, "epv": 11.677203369375466, "s_epv": 14.38627386324149, "contract": null, "t_option": null, "p_option": null, "renew": null, "salary": null, "grade": null, "trainer": false, "league": 7}}, {"model": "bigleague.player", "pk": 32, "fields": {"name": "Joel Lee", "suit": "spade", "age": 26, "pv": 27.761245009345984, "epv": 27.627602445928908, "s_epv": 26.290372057510634, "contract": null, "t_option": null, "p_option": null, "renew": null, "salary": null, "grade": null, "trainer": false, "league": 7}}, {"model": "bigleague.player", "pk": 33, "fields": {"name": "John Perkins", "suit": "heart", "age": 24, "pv": 8.989038162100423, "epv": 6.564446201611526, "s_epv": 8.343043434413193, "contract": null, "t_option": null, "p_option": null, "renew": null, "salary": null, "grade": null, "trainer": false, "league": 7}}, {"model": "bigleague.player", "pk": 34, "fields": {"name": "Christian Hall", "suit": "club", "age": 23, "pv": 15.663943107493235, "epv": 22.47883714988361, "s_epv": 17.381212843293326, "contract": null, "t_option": null, "p_option": null, "renew": null, "salary": null, "grade": null, "trainer": false, "league": 7}}, {"model": "bigleague.player", "pk": 35, "fields": {"name": "Karen Duncan", "suit": "spade", "age": 21, "pv": 17.06775457907366, "epv": 19.503430642094475, "s_epv": 16.31793734154749, "contract": null, "t_option": null, "p_option": null, "renew": null, "salary": null, "grade": null, "trainer": false, "league": 7}}, {"model": "bigleague.player", "pk": 36, "fields": {"name": "Christopher Fuller", "suit": "diamond", "age": 24, "pv": 17.893625175432362, "epv": 26.478403536835714, "s_epv": 18.96265289547881, "contract": null, "t_option": null, "p_option": null, "renew": null, "salary": null, "grade": null, "trainer": false, "league": 7}}, {"model": "bigleague.player", "pk": 37, "fields": {"name": "Joshua Smith", "suit": "club", "age": 25, "pv": 15.220382662941129, "epv": 10.390386424730279, "s_epv": 12.69188744683535, "contract": null, "t_option": null, "p_option": null, "renew": null, "salary": null, "grade": null, "trainer": false, "league": 7}}, {"model": "bigleague.player", "pk": 38, "fields": {"name": "Charles Rivera", "suit": "heart", "age": 21, "pv": 8.925598105737572, "epv": 12.775699401829382, "s_epv": 7.873754468221009, "contract": null, "t_option": null, "p_option": null, "renew": null, "salary": null, "grade": null, "trainer": false, "league": 7}}, {"model": "bigleague.player", "pk": 39, "fields": {"name": "Stephen Banks", "suit": "club", "age": 28, "pv": 15.02635544490243, "epv": 16.457482449405227, "s_epv": 15.103646103300786, "contract": null, "t_option": null, "p_option": null, "renew": null, "salary": null, "grade": null, "trainer": false, "league": 7}}, {"model": "bigleague.player", "pk": 40, "fields": {"name": "Sandra Ross", "suit": "club", "age": 30, "pv": 9.498170458130463, "epv": 9.78522206988617, "s_epv": 10.575019075263263, "contract": null, "t_option": null, "p_option": null, "renew": null, "salary": null, "grade": null, "trainer": false, "league": 7}}, {"model": "bigleague.player", "pk": 41, "fields": {"name": "Logan Baldwin", "suit": "diamond", "age": 28, "pv": 16.50587840760187, "epv": 13.171751821259122, "s_epv": 16.34018160193304, "contract": null, "t_option": null, "p_option": null, "renew": null, "salary": null, "grade": null, "trainer": false, "league": 7}}, {"model": "bigleague.player", "pk": 42, "fields": {"name": "Lori Pham", "suit": "club", "age": 30, "pv": 16.02036917915618, "epv": 18.729682529787652, "s_epv": 15.72764617834476, "contract": null, "t_option": null, "p_option": null, "renew": null, "salary": null, "grade": null, "trainer": false, "league": 7}}, {"model": "bigleague.player", "pk": 43, "fields": {"name": "Kirk Taylor", "suit": "diamond", "age": 20, "pv": 14.931963312217942, "epv": 17.844627996357318, "s_epv": 14.505802964615341, "contract": null, "t_option": null, "p_option": null, "renew": null, "salary": null, "grade": null, "trainer": false, "league": 7}}, {"model": "bigleague.player", "pk": 44, "fields": {"name": "Melody Flynn", "suit": "club", "age": 29, "pv": 13.44719581775076, "epv": 15.229158177831724, "s_epv": 14.952638750375494, "contract": null, "t_option": null, "p_option": null, "renew": null, "salary": null, "grade": null, "trainer": false, "league": 7}}, {"model": "bigleague.player", "pk": 45, "fields": {"name": "Jessica Mcdaniel", "suit": "spade", "age": 24, "pv": 20.360972079111008, "epv": 14.842806296424836, "s_epv": 24.793250787694312, "contract": null, "t_option": null, "p_option": null, "renew": null, "salary": null, "grade": null, "trainer": false, "league": 7}}, {"model": "bigleague.player", "pk": 46, "fields": {"name": "Eric Hernandez", "suit": "spade", "age": 26, "pv": 16.486311236429394, "epv": 16.355406889308732, "s_epv": 18.25614097491551, "contract": null, "t_option": null, "p_option": null, "renew": null, "salary": null, "grade": null, "trainer": false, "league": 7}}, {"model": "bigleague.player", "pk": 47, "fields": {"name": "Casey Shah", "suit": "heart", "age": 26, "pv": 16.20031152820147, "epv": 17.206580484391676, "s_epv": 16.235319474868536, "contract": null, "t_option": null, "p_option": null, "renew": null, "salary": null, "grade": null, "trainer": false, "league": 7}}, {"model": "bigleague.player", "pk": 48, "fields": {"name": "Noah Ross", "suit": "spade", "age": 22, "pv": 21.201886821219805, "epv": 20.327100965067185, "s_epv": 21.029708540722446, "contract": null, "t_option": null, "p_option": null, "renew": null, "salary": null, "grade": null, "trainer": false, "league": 7}}, {"model": "bigleague.player", "pk": 49, "fields": {"name": "Anthony Wells", "suit": "spade", "age": 28, "pv": 22.952906760680627, "epv": 23.646388672564886, "s_epv": 22.896554262665298, "contract": null, "t_option": null, "p_option": null, "renew": null, "salary": null, "grade": null, "trainer": false, "league": 7}}, {"model": "bigleague.player", "pk": 50, "fields": {"name": "Thomas Miller", "suit": "spade", "age": 30, "pv": 21.39787060376762, "epv": 26.821986124450902, "s_epv": 19.4600089623197, "contract": null, "t_option": null, "p_option": null, "renew": null, "salary": null, "grade": null, "trainer": false, "league": 7}}, {"model": "bigleague.player", "pk": 51, "fields": {"name": "Jeremy Lucas", "suit": "heart", "age": 23, "pv": 12.480244711783342, "epv": 11.621149822868862, "s_epv": 11.935406986527072, "contract": null, "t_option": null, "p_option": null, "renew": null, "salary": null, "grade": null, "trainer": false, "league": 7}}, {"model": "bigleague.player", "pk": 52, "fields": {"name": "David Smith", "suit": "heart", "age": 21, "pv": 17.482112488787724, "epv": 16.552842504966602, "s_epv": 14.740432759398555, "contract": null, "t_option": null, "p_option": null, "renew": null, "salary": null, "grade": null, "trainer": false, "league": 7}}, {"model": "bigleague.player", "pk": 53, "fields": {"name": "Beverly Pineda", "suit": "heart", "age": 19, "pv": 9.258541414050747, "epv": 7.025049632675728, "s_epv": 9.623674543300375, "contract": null, "t_option": null, "p_option": null, "renew": null, "salary": null, "grade": null, "trainer": false, "league": 7}}, {"model": "bigleague.player", "pk": 54, "fields": {"name": "Jasmine Meza", "suit": "club", "age": 18, "pv": 17.868295378355207, "epv": 15.764890703715048, "s_epv": 15.797661134203445, "contract": null, "t_option": null, "p_option": null, "renew": null, "salary": null, "grade": null, "trainer": false, "league": 7}}, {"model": "bigleague.player", "pk": 55, "fields": {"name": "Shawna Velazquez", "suit": "spade", "age": 30, "pv": 21.459541366826862, "epv": 19.30420229153219, "s_epv": 19.95644503012254, "contract": null, "t_option": null, "p_option": null, "renew": null, "salary": null, "grade": null, "trainer": false, "league": 7}}, {"model": "bigleague.player", "pk": 56, "fields": {"name": "Preston Duran", "suit": "club", "age": 27, "pv": 22.536090159409213, "epv": 25.669342634282323, "s_epv": 24.503869712901782, "contract": null, "t_option": null, "p_option": null, "renew": null, "salary": null, "grade": null, "trainer": false, "league": 7}}, {"model": "bigleague.player", "pk": 57, "fields": {"name": "Christine Fleming", "suit": "club", "age": 28, "pv": 15.71555625668778, "epv": 21.43684792531006, "s_epv": 14.752708844023799, "contract": null, "t_option": null, "p_option": null, "renew": null, "salary": null, "grade": null, "trainer": false, "league": 7}}, {"model": "bigleague.player", "pk": 58, "fields": {"name": "Mia Barnett", "suit": "heart", "age": 24, "pv": 15.998224818963134, "epv": 16.316687746521335, "s_epv": 14.37402570830357, "contract": null, "t_option": null, "p_option": null, "renew": null, "salary": null, "grade": null, "trainer": false, "league": 7}}, {"model": "bigleague.player", "pk": 59, "fields": {"name": "Vickie Clayton", "suit": "heart", "age": 30, "pv": 12.993041816566372, "epv": 6.866221361588005, "s_epv": 14.257292855696825, "contract": null, "t_option": null, "p_option": null, "renew": null, "salary": null, "grade": null, "trainer": false, "league": 7}}, {"model": "bigleague.player", "pk": 60, "fields": {"name": "Jody Carter", "suit": "heart", "age": 21, "pv": 19.973123422941377, "epv": 18.748473042343093, "s_epv": 18.46396927245803, "contract": null, "t_option": null, "p_option": null, "renew": null, "salary": null, "grade": null, "trainer": false, "league": 7}}, {"model": "bigleague.player", "pk": 61, "fields": {"name": "Andrew Watson", "suit": "heart", "age": 21, "pv": 22.2349435636402, "epv": 16.551938763913057, "s_epv": 23.307683162527614, "contract": null, "t_option": null, "p_option": null, "renew": null, "salary": null, "grade": null, "trainer": false, "league": 7}}, {"model": "bigleague.player", "pk": 62, "fields": {"name": "Sean Lee", "suit": "spade", "age": 28, "pv": 21.407150656718276, "epv": 17.2716442967858, "s_epv": 19.231455627985042, "contract": null, "t_option": null, "p_option": null, "renew": null, "salary": null, "grade": null, "trainer": false, "league": 7}}, {"model": "auth.permission", "pk": 525, "fields": {"name": "Can add log entry", "content_type": 132, "codename": "add_logentry"}}, {"model": "auth.permission", "pk": 526, "fields": {"name": "Can change log entry", "content_type": 132, "codename": "change_logentry"}}, {"model": "auth.permission", "pk": 527, "fields": {"name": "Can delete log entry", "content_type": 132, "codename": "delete_logentry"}}, {"model": "auth.permission", "pk": 528, "fields": {"name": "Can view log entry", "content_type": 132, "codename": "view_logentry"}}, {"model": "auth.permission", "pk": 529, "fields": {"name": "Can add permission", "content_type": 133, "codename": "add_permission"}}, {"model": "auth.permission", "pk": 530, "fields": {"name": "Can change permission", "content_type": 133, "codename": "change_permission"}}, {"model": "auth.permission", "pk": 531, "fields": {"name": "Can delete permission", "content_type": 133, "codename": "delete_permission"}}, {"model": "auth.permission", "pk": 532, "fields": {"name": "Can view permission", "content_type": 133, "codename": "view_permission"}}, {"model": "auth.permission", "pk": 533, "fields": {"name": "Can add group", "content_type": 134, "codename": "add_group"}}, {"model": "auth.permission", "pk": 534, "fields": {"name": "Can change group", "content_type": 134, "codename": "change_group"}}, {"model": "auth.permission", "pk": 535, "fields": {"name": "Can delete group", "content_type": 134, "codename": "delete_group"}}, {"model": "auth.permission", "pk": 536, "fields": {"name": "Can view group", "content_type": 134, "codename": "view_group"}}, {"model": "auth.permission", "pk": 537, "fields": {"name": "Can add content type", "content_type": 135, "codename": "add_contenttype"}}, {"model": "auth.permission", "pk": 538, "fields": {"name": "Can change content type", "content_type": 135, "codename": "change_contenttype"}}, {"model": "auth.permission", "pk": 539, "fields": {"name": "Can delete content type", "content_type": 135, "codename": "delete_contenttype"}}, {"model": "auth.permission", "pk": 540, "fields": {"name": "Can view content type", "content_type": 135, "codename": "view_contenttype"}}, {"model": "auth.permission", "pk": 541, "fields": {"name": "Can add session", "content_type": 136, "codename": "add_session"}}, {"model": "auth.permission", "pk": 542, "fields": {"name": "Can change session", "content_type": 136, "codename": "change_session"}}, {"model": "auth.permission", "pk": 543, "fields": {"name": "Can delete session", "content_type": 136, "codename": "delete_session"}}, {"model": "auth.permission", "pk": 544, "fields": {"name": "Can view session", "content_type": 136, "codename": "view_session"}}, {"model": "auth.permission", "pk": 545, "fields": {"name": "Can add user", "content_type": 137, "codename": "add_user"}}, {"model": "auth.permission", "pk": 546, "fields": {"name": "Can change user", "content_type": 137, "codename": "change_user"}}, {"model": "auth.permission", "pk": 547, "fields": {"name": "Can delete user", "content_type": 137, "codename": "delete_user"}}, {"model": "auth.permission", "pk": 548, "fields": {"name": "Can view user", "content_type": 137, "codename": "view_user"}}, {"model": "auth.permission", "pk": 549, "fields": {"name": "Can add franchise", "content_type": 138, "codename": "add_franchise"}}, {"model": "auth.permission", "pk": 550, "fields": {"name": "Can change franchise", "content_type": 138, "codename": "change_franchise"}}, {"model": "auth.permission", "pk": 551, "fields": {"name": "Can delete franchise", "content_type": 138, "codename": "delete_franchise"}}, {"model": "auth.permission", "pk": 552, "fields": {"name": "Can view franchise", "content_type": 138, "codename": "view_franchise"}}, {"model": "auth.permission", "pk": 553, "fields": {"name": "Can add league", "content_type": 139, "codename": "add_league"}}, {"model": "auth.permission", "pk": 554, "fields": {"name": "Can change league", "content_type": 139, "codename": "change_league"}}, {"model": "auth.permission", "pk": 555, "fields": {"name": "Can delete league", "content_type": 139, "codename": "delete_league"}}, {"model": "auth.permission", "pk": 556, "fields": {"name": "Can view league", "content_type": 139, "codename": "view_league"}}, {"model": "auth.permission", "pk": 557, "fields": {"name": "Can add city", "content_type": 140, "codename": "add_city"}}, {"model": "auth.permission", "pk": 558, "fields": {"name": "Can change city", "content_type": 140, "codename": "change_city"}}, {"model": "auth.permission", "pk": 559, "fields": {"name": "Can delete city", "content_type": 140, "codename": "delete_city"}}, {"model": "auth.permission", "pk": 560, "fields": {"name": "Can view city", "content_type": 140, "codename": "view_city"}}, {"model": "auth.permission", "pk": 561, "fields": {"name": "Can add stadium", "content_type": 141, "codename": "add_stadium"}}, {"model": "auth.permission", "pk": 562, "fields": {"name": "Can change stadium", "content_type": 141, "codename": "change_stadium"}}, {"model": "auth.permission", "pk": 563, "fields": {"name": "Can delete stadium", "content_type": 141, "codename": "delete_stadium"}}, {"model": "auth.permission", "pk": 564, "fields": {"name": "Can view stadium", "content_type": 141, "codename": "view_stadium"}}, {"model": "auth.permission", "pk": 565, "fields": {"name": "Can add gm", "content_type": 142, "codename": "add_gm"}}, {"model": "auth.permission", "pk": 566, "fields": {"name": "Can change gm", "content_type": 142, "codename": "change_gm"}}, {"model": "auth.permission", "pk": 567, "fields": {"name": "Can delete gm", "content_type": 142, "codename": "delete_gm"}}, {"model": "auth.permission", "pk": 568, "fields": {"name": "Can view gm", "content_type": 142, "codename": "view_gm"}}, {"model": "auth.permission", "pk": 569, "fields": {"name": "Can add coach", "content_type": 143, "codename": "add_coach"}}, {"model": "auth.permission", "pk": 570, "fields": {"name": "Can change coach", "content_type": 143, "codename": "change_coach"}}, {"model": "auth.permission", "pk": 571, "fields": {"name": "Can delete coach", "content_type": 143, "codename": "delete_coach"}}, {"model": "auth.permission", "pk": 572, "fields": {"name": "Can view coach", "content_type": 143, "codename": "view_coach"}}, {"model": "auth.permission", "pk": 573, "fields": {"name": "Can add player", "content_type": 144, "codename": "add_player"}}, {"model": "auth.permission", "pk": 574, "fields": {"name": "Can change player", "content_type": 144, "codename": "change_player"}}, {"model": "auth.permission", "pk": 575, "fields": {"name": "Can delete player", "content_type": 144, "codename": "delete_player"}}, {"model": "auth.permission", "pk": 576, "fields": {"name": "Can view player", "content_type": 144, "codename": "view_player"}}, {"model": "auth.permission", "pk": 577, "fields": {"name": "Can add action", "content_type": 145, "codename": "add_action"}}, {"model": "auth.permission", "pk": 578, "fields": {"name": "Can change action", "content_type": 145, "codename": "change_action"}}, {"model": "auth.permission", "pk": 579, "fields": {"name": "Can delete action", "content_type": 145, "codename": "delete_action"}}, {"model": "auth.permission", "pk": 580, "fields": {"name": "Can view action", "content_type": 145, "codename": "view_action"}}, {"model": "auth.permission", "pk": 581, "fields": {"name": "Can add season", "content_type": 146, "codename": "add_season"}}, {"model": "auth.permission", "pk": 582, "fields": {"name": "Can change season", "content_type": 146, "codename": "change_season"}}, {"model": "auth.permission", "pk": 583, "fields": {"name": "Can delete season", "content_type": 146, "codename": "delete_season"}}, {"model": "auth.permission", "pk": 584, "fields": {"name": "Can view season", "content_type": 146, "codename": "view_season"}}, {"model": "auth.permission", "pk": 585, "fields": {"name": "Can add roster", "content_type": 147, "codename": "add_roster"}}, {"model": "auth.permission", "pk": 586, "fields": {"name": "Can change roster", "content_type": 147, "codename": "change_roster"}}, {"model": "auth.permission", "pk": 587, "fields": {"name": "Can delete roster", "content_type": 147, "codename": "delete_roster"}}, {"model": "auth.permission", "pk": 588, "fields": {"name": "Can view roster", "content_type": 147, "codename": "view_roster"}}]